"","x"
"1",TRUE
"2",TRUE
"3",FALSE
"4",TRUE
"5",TRUE
"6",TRUE
"7",TRUE
"8",TRUE
"9",TRUE
"10",TRUE
"11",TRUE
"12",FALSE
"13",TRUE
"14",FALSE
"15",FALSE
"16",TRUE
"17",TRUE
"18",TRUE
"19",TRUE
"20",TRUE
"21",FALSE
"22",TRUE
"23",TRUE
"24",TRUE
"25",TRUE
"26",TRUE
"27",TRUE
"28",TRUE
"29",TRUE
"30",FALSE
"31",TRUE
"32",TRUE
"33",TRUE
"34",TRUE
"35",TRUE
"36",TRUE
"37",TRUE
"38",TRUE
"39",TRUE
"40",TRUE
"41",TRUE
"42",TRUE
"43",TRUE
"44",TRUE
"45",TRUE
"46",TRUE
"47",TRUE
"48",TRUE
"49",TRUE
"50",TRUE
"51",TRUE
"52",TRUE
"53",TRUE
"54",TRUE
"55",TRUE
"56",TRUE
"57",TRUE
"58",TRUE
"59",TRUE
"60",FALSE
"61",TRUE
"62",TRUE
"63",TRUE
"64",TRUE
"65",FALSE
"66",TRUE
"67",TRUE
"68",FALSE
"69",TRUE
"70",TRUE
"71",TRUE
"72",FALSE
"73",TRUE
"74",TRUE
"75",TRUE
"76",TRUE
"77",TRUE
"78",FALSE
"79",TRUE
"80",TRUE
"81",FALSE
"82",TRUE
"83",TRUE
"84",TRUE
"85",TRUE
"86",TRUE
"87",TRUE
"88",TRUE
"89",TRUE
"90",TRUE
"91",TRUE
"92",TRUE
"93",TRUE
"94",FALSE
"95",TRUE
"96",TRUE
"97",FALSE
"98",TRUE
"99",TRUE
"100",FALSE
"101",TRUE
"102",TRUE
"103",FALSE
"104",TRUE
"105",FALSE
"106",TRUE
"107",TRUE
"108",TRUE
"109",TRUE
"110",TRUE
"111",TRUE
"112",TRUE
"113",TRUE
"114",TRUE
"115",TRUE
"116",TRUE
"117",TRUE
"118",FALSE
"119",TRUE
"120",TRUE
"121",TRUE
"122",TRUE
"123",TRUE
"124",TRUE
"125",TRUE
"126",TRUE
"127",TRUE
"128",TRUE
"129",TRUE
"130",TRUE
"131",TRUE
"132",TRUE
"133",TRUE
"134",TRUE
"135",TRUE
"136",TRUE
"137",TRUE
"138",TRUE
"139",TRUE
"140",TRUE
"141",TRUE
"142",TRUE
"143",FALSE
"144",TRUE
"145",TRUE
"146",TRUE
"147",FALSE
"148",TRUE
"149",FALSE
"150",TRUE
"151",TRUE
"152",TRUE
"153",TRUE
"154",TRUE
"155",TRUE
"156",TRUE
"157",TRUE
"158",TRUE
"159",TRUE
"160",TRUE
"161",TRUE
"162",TRUE
"163",TRUE
"164",TRUE
"165",TRUE
"166",TRUE
"167",TRUE
"168",TRUE
"169",TRUE
"170",FALSE
"171",TRUE
"172",TRUE
"173",TRUE
"174",TRUE
"175",FALSE
"176",TRUE
"177",TRUE
"178",TRUE
"179",TRUE
"180",TRUE
"181",TRUE
"182",TRUE
"183",TRUE
"184",TRUE
"185",TRUE
"186",TRUE
"187",TRUE
"188",TRUE
"189",FALSE
"190",TRUE
"191",TRUE
"192",TRUE
"193",TRUE
"194",TRUE
"195",TRUE
"196",TRUE
"197",FALSE
"198",TRUE
"199",TRUE
"200",TRUE
"201",FALSE
"202",TRUE
"203",TRUE
"204",TRUE
"205",TRUE
"206",TRUE
"207",TRUE
"208",TRUE
"209",TRUE
"210",TRUE
"211",TRUE
"212",TRUE
"213",TRUE
"214",TRUE
"215",TRUE
"216",TRUE
"217",TRUE
"218",TRUE
"219",TRUE
"220",TRUE
"221",TRUE
"222",TRUE
"223",TRUE
"224",FALSE
"225",FALSE
"226",TRUE
"227",TRUE
"228",TRUE
"229",TRUE
"230",TRUE
"231",FALSE
"232",TRUE
"233",TRUE
"234",TRUE
"235",TRUE
"236",TRUE
"237",TRUE
"238",TRUE
"239",TRUE
"240",FALSE
"241",FALSE
"242",TRUE
"243",FALSE
"244",TRUE
"245",TRUE
"246",TRUE
"247",TRUE
"248",TRUE
"249",TRUE
"250",TRUE
"251",TRUE
"252",FALSE
"253",TRUE
"254",TRUE
"255",TRUE
"256",TRUE
"257",TRUE
"258",TRUE
"259",TRUE
"260",TRUE
"261",TRUE
"262",FALSE
"263",TRUE
"264",TRUE
"265",TRUE
"266",FALSE
"267",TRUE
"268",TRUE
"269",TRUE
"270",TRUE
"271",TRUE
"272",TRUE
"273",TRUE
"274",TRUE
"275",TRUE
"276",TRUE
"277",TRUE
"278",TRUE
"279",TRUE
"280",TRUE
"281",TRUE
"282",TRUE
"283",TRUE
"284",TRUE
"285",TRUE
"286",TRUE
"287",TRUE
"288",FALSE
"289",TRUE
"290",TRUE
"291",TRUE
"292",TRUE
"293",TRUE
"294",TRUE
"295",TRUE
"296",TRUE
"297",FALSE
"298",FALSE
"299",TRUE
"300",TRUE
"301",FALSE
"302",FALSE
"303",TRUE
"304",TRUE
"305",TRUE
"306",TRUE
"307",TRUE
"308",TRUE
"309",TRUE
"310",TRUE
"311",TRUE
"312",TRUE
"313",TRUE
"314",TRUE
"315",TRUE
"316",FALSE
"317",TRUE
"318",TRUE
"319",TRUE
"320",TRUE
"321",FALSE
"322",TRUE
"323",TRUE
"324",TRUE
"325",TRUE
"326",FALSE
"327",TRUE
"328",TRUE
"329",TRUE
"330",TRUE
"331",TRUE
"332",TRUE
"333",TRUE
"334",TRUE
"335",TRUE
"336",TRUE
"337",TRUE
"338",FALSE
"339",FALSE
"340",TRUE
"341",FALSE
"342",TRUE
"343",TRUE
"344",TRUE
"345",TRUE
"346",TRUE
"347",TRUE
"348",TRUE
"349",TRUE
"350",TRUE
"351",TRUE
"352",TRUE
"353",TRUE
"354",TRUE
"355",TRUE
"356",TRUE
"357",FALSE
"358",TRUE
"359",TRUE
"360",TRUE
"361",TRUE
"362",TRUE
"363",TRUE
"364",TRUE
"365",TRUE
"366",TRUE
"367",FALSE
"368",TRUE
"369",TRUE
"370",TRUE
"371",TRUE
"372",TRUE
"373",TRUE
"374",TRUE
"375",TRUE
"376",TRUE
"377",FALSE
"378",TRUE
"379",TRUE
"380",TRUE
"381",TRUE
"382",FALSE
"383",FALSE
"384",TRUE
"385",TRUE
"386",TRUE
"387",TRUE
"388",TRUE
"389",TRUE
"390",TRUE
"391",TRUE
"392",FALSE
"393",TRUE
"394",TRUE
"395",TRUE
"396",TRUE
"397",TRUE
"398",TRUE
"399",TRUE
"400",FALSE
"401",TRUE
"402",TRUE
"403",TRUE
"404",TRUE
"405",TRUE
"406",FALSE
"407",TRUE
"408",TRUE
"409",TRUE
"410",TRUE
"411",TRUE
"412",TRUE
"413",TRUE
"414",TRUE
"415",TRUE
"416",TRUE
"417",TRUE
"418",FALSE
"419",TRUE
"420",TRUE
"421",TRUE
"422",TRUE
"423",FALSE
"424",TRUE
"425",TRUE
"426",TRUE
"427",TRUE
"428",TRUE
"429",FALSE
"430",TRUE
"431",FALSE
"432",TRUE
"433",TRUE
"434",FALSE
"435",TRUE
"436",TRUE
"437",TRUE
"438",TRUE
"439",TRUE
"440",TRUE
"441",FALSE
"442",TRUE
"443",FALSE
"444",TRUE
"445",TRUE
"446",TRUE
"447",TRUE
"448",TRUE
"449",FALSE
"450",FALSE
"451",FALSE
"452",TRUE
"453",TRUE
"454",TRUE
"455",TRUE
"456",TRUE
"457",TRUE
"458",TRUE
"459",TRUE
"460",FALSE
"461",TRUE
"462",TRUE
"463",FALSE
"464",FALSE
"465",TRUE
"466",FALSE
"467",TRUE
"468",TRUE
"469",TRUE
"470",FALSE
"471",TRUE
"472",TRUE
"473",TRUE
"474",TRUE
"475",TRUE
"476",TRUE
"477",TRUE
"478",TRUE
"479",TRUE
"480",TRUE
"481",TRUE
"482",FALSE
"483",TRUE
"484",TRUE
"485",TRUE
"486",TRUE
"487",TRUE
"488",TRUE
"489",TRUE
"490",TRUE
"491",TRUE
"492",TRUE
"493",FALSE
"494",TRUE
"495",TRUE
"496",TRUE
"497",TRUE
"498",TRUE
"499",TRUE
"500",TRUE
"501",FALSE
"502",TRUE
"503",TRUE
"504",TRUE
"505",TRUE
"506",TRUE
"507",TRUE
"508",TRUE
"509",TRUE
"510",TRUE
"511",TRUE
"512",TRUE
"513",TRUE
"514",TRUE
"515",TRUE
"516",TRUE
"517",TRUE
"518",TRUE
"519",TRUE
"520",TRUE
"521",TRUE
"522",TRUE
"523",FALSE
"524",TRUE
"525",FALSE
"526",TRUE
"527",TRUE
"528",TRUE
"529",TRUE
"530",TRUE
"531",FALSE
"532",TRUE
"533",TRUE
"534",TRUE
"535",FALSE
"536",TRUE
"537",TRUE
"538",TRUE
"539",TRUE
"540",TRUE
"541",TRUE
"542",TRUE
"543",TRUE
"544",TRUE
"545",TRUE
"546",TRUE
"547",TRUE
"548",TRUE
"549",TRUE
"550",TRUE
"551",TRUE
"552",TRUE
"553",TRUE
"554",FALSE
"555",TRUE
"556",FALSE
"557",TRUE
"558",TRUE
"559",TRUE
"560",TRUE
"561",TRUE
"562",TRUE
"563",TRUE
"564",TRUE
"565",TRUE
"566",FALSE
"567",TRUE
"568",FALSE
"569",TRUE
"570",TRUE
"571",TRUE
"572",TRUE
"573",TRUE
"574",TRUE
"575",TRUE
"576",TRUE
"577",TRUE
"578",TRUE
"579",TRUE
"580",TRUE
"581",TRUE
"582",FALSE
"583",TRUE
"584",TRUE
"585",TRUE
"586",TRUE
"587",TRUE
"588",TRUE
"589",TRUE
"590",FALSE
"591",TRUE
"592",TRUE
"593",TRUE
"594",TRUE
"595",TRUE
"596",TRUE
"597",TRUE
"598",TRUE
"599",FALSE
"600",TRUE
"601",TRUE
"602",TRUE
"603",TRUE
"604",TRUE
"605",TRUE
"606",TRUE
"607",TRUE
"608",TRUE
"609",TRUE
"610",TRUE
"611",TRUE
"612",TRUE
"613",TRUE
"614",TRUE
"615",FALSE
"616",TRUE
"617",TRUE
"618",TRUE
"619",TRUE
"620",TRUE
"621",TRUE
"622",TRUE
"623",TRUE
"624",TRUE
"625",TRUE
"626",TRUE
"627",TRUE
"628",TRUE
"629",TRUE
"630",TRUE
"631",TRUE
"632",TRUE
"633",TRUE
"634",TRUE
"635",FALSE
"636",FALSE
"637",TRUE
"638",TRUE
"639",TRUE
"640",TRUE
"641",TRUE
"642",TRUE
"643",TRUE
"644",TRUE
"645",FALSE
"646",TRUE
"647",TRUE
"648",TRUE
"649",TRUE
"650",TRUE
"651",FALSE
"652",TRUE
"653",TRUE
"654",TRUE
"655",TRUE
"656",TRUE
"657",TRUE
"658",TRUE
"659",FALSE
"660",TRUE
"661",FALSE
"662",TRUE
"663",TRUE
"664",TRUE
"665",TRUE
"666",TRUE
"667",TRUE
"668",TRUE
"669",FALSE
"670",TRUE
"671",TRUE
"672",TRUE
"673",TRUE
"674",FALSE
"675",TRUE
"676",TRUE
"677",TRUE
"678",TRUE
"679",TRUE
"680",TRUE
"681",TRUE
"682",TRUE
"683",TRUE
"684",TRUE
"685",TRUE
"686",TRUE
"687",TRUE
"688",TRUE
"689",TRUE
"690",TRUE
"691",TRUE
"692",TRUE
"693",TRUE
"694",TRUE
"695",TRUE
"696",TRUE
"697",TRUE
"698",TRUE
"699",TRUE
"700",TRUE
"701",TRUE
"702",TRUE
"703",TRUE
"704",TRUE
"705",TRUE
"706",TRUE
"707",TRUE
"708",TRUE
"709",FALSE
"710",TRUE
"711",TRUE
"712",TRUE
"713",TRUE
"714",TRUE
"715",FALSE
"716",TRUE
"717",TRUE
"718",TRUE
"719",TRUE
"720",TRUE
"721",TRUE
"722",TRUE
"723",FALSE
"724",TRUE
"725",TRUE
"726",TRUE
"727",TRUE
"728",TRUE
"729",TRUE
"730",TRUE
"731",TRUE
"732",TRUE
"733",FALSE
"734",TRUE
"735",TRUE
"736",TRUE
"737",TRUE
"738",TRUE
"739",TRUE
"740",TRUE
"741",TRUE
"742",TRUE
"743",TRUE
"744",FALSE
"745",FALSE
"746",TRUE
"747",TRUE
"748",TRUE
"749",TRUE
"750",TRUE
"751",TRUE
"752",TRUE
"753",TRUE
"754",TRUE
"755",TRUE
"756",TRUE
"757",TRUE
"758",TRUE
"759",TRUE
"760",TRUE
"761",TRUE
"762",TRUE
"763",TRUE
"764",TRUE
"765",TRUE
"766",TRUE
"767",TRUE
"768",TRUE
"769",TRUE
"770",FALSE
"771",TRUE
"772",TRUE
"773",TRUE
"774",TRUE
"775",FALSE
"776",TRUE
"777",TRUE
"778",TRUE
"779",TRUE
"780",TRUE
"781",FALSE
"782",TRUE
"783",TRUE
"784",TRUE
"785",TRUE
"786",TRUE
"787",TRUE
"788",TRUE
"789",TRUE
"790",TRUE
"791",FALSE
"792",FALSE
"793",TRUE
"794",TRUE
"795",TRUE
"796",TRUE
"797",TRUE
"798",TRUE
"799",TRUE
"800",TRUE
"801",TRUE
"802",TRUE
"803",TRUE
"804",FALSE
"805",TRUE
"806",TRUE
"807",TRUE
"808",FALSE
"809",TRUE
"810",TRUE
"811",TRUE
"812",TRUE
"813",TRUE
"814",TRUE
"815",FALSE
"816",FALSE
"817",TRUE
"818",TRUE
"819",TRUE
"820",TRUE
"821",TRUE
"822",TRUE
"823",FALSE
"824",FALSE
"825",TRUE
"826",TRUE
"827",FALSE
"828",TRUE
"829",TRUE
"830",TRUE
"831",TRUE
"832",TRUE
"833",TRUE
"834",TRUE
"835",FALSE
"836",TRUE
"837",FALSE
"838",TRUE
"839",FALSE
"840",FALSE
"841",TRUE
"842",TRUE
"843",TRUE
"844",TRUE
"845",TRUE
"846",TRUE
"847",TRUE
"848",TRUE
"849",FALSE
"850",TRUE
"851",TRUE
"852",TRUE
"853",TRUE
"854",FALSE
"855",TRUE
"856",TRUE
"857",FALSE
"858",TRUE
"859",TRUE
"860",TRUE
"861",TRUE
"862",TRUE
"863",TRUE
"864",TRUE
"865",TRUE
"866",FALSE
"867",TRUE
"868",TRUE
"869",TRUE
"870",FALSE
"871",TRUE
"872",TRUE
"873",TRUE
"874",TRUE
"875",TRUE
"876",FALSE
"877",TRUE
"878",TRUE
"879",FALSE
"880",TRUE
"881",FALSE
"882",TRUE
"883",TRUE
"884",TRUE
"885",TRUE
"886",TRUE
"887",TRUE
"888",TRUE
"889",FALSE
"890",TRUE
"891",FALSE
"892",TRUE
"893",TRUE
"894",TRUE
"895",TRUE
"896",TRUE
"897",TRUE
"898",TRUE
"899",TRUE
"900",TRUE
"901",TRUE
"902",TRUE
"903",TRUE
"904",FALSE
"905",TRUE
"906",FALSE
"907",TRUE
"908",TRUE
"909",TRUE
"910",TRUE
"911",FALSE
"912",TRUE
"913",TRUE
"914",TRUE
"915",TRUE
"916",TRUE
"917",TRUE
"918",TRUE
"919",TRUE
"920",FALSE
"921",TRUE
"922",TRUE
"923",TRUE
"924",FALSE
"925",TRUE
"926",TRUE
"927",TRUE
"928",TRUE
"929",FALSE
"930",TRUE
"931",FALSE
"932",FALSE
"933",TRUE
"934",TRUE
"935",TRUE
"936",TRUE
"937",TRUE
"938",TRUE
"939",TRUE
"940",TRUE
"941",TRUE
"942",TRUE
"943",TRUE
"944",TRUE
"945",TRUE
"946",FALSE
"947",TRUE
"948",TRUE
"949",TRUE
"950",TRUE
"951",TRUE
"952",TRUE
"953",FALSE
"954",FALSE
"955",TRUE
"956",TRUE
"957",TRUE
"958",TRUE
"959",TRUE
"960",FALSE
"961",TRUE
"962",TRUE
"963",TRUE
"964",TRUE
"965",TRUE
"966",TRUE
"967",TRUE
"968",TRUE
"969",TRUE
"970",FALSE
"971",TRUE
"972",FALSE
"973",TRUE
"974",TRUE
"975",TRUE
"976",TRUE
"977",TRUE
"978",TRUE
"979",TRUE
"980",TRUE
"981",FALSE
"982",FALSE
"983",TRUE
"984",TRUE
"985",FALSE
"986",TRUE
"987",TRUE
"988",TRUE
"989",TRUE
"990",TRUE
"991",TRUE
"992",TRUE
"993",TRUE
"994",TRUE
"995",TRUE
"996",FALSE
"997",TRUE
"998",TRUE
"999",TRUE
"1000",TRUE
"1001",TRUE
"1002",FALSE
"1003",TRUE
"1004",FALSE
"1005",TRUE
"1006",TRUE
"1007",TRUE
"1008",TRUE
"1009",FALSE
"1010",TRUE
"1011",TRUE
"1012",TRUE
"1013",TRUE
"1014",TRUE
"1015",FALSE
"1016",TRUE
"1017",TRUE
"1018",TRUE
"1019",TRUE
"1020",TRUE
"1021",TRUE
"1022",TRUE
"1023",TRUE
"1024",TRUE
"1025",TRUE
"1026",TRUE
"1027",FALSE
"1028",TRUE
"1029",TRUE
"1030",TRUE
"1031",TRUE
"1032",TRUE
"1033",FALSE
"1034",TRUE
"1035",FALSE
"1036",FALSE
"1037",TRUE
"1038",TRUE
"1039",TRUE
"1040",TRUE
"1041",TRUE
"1042",TRUE
"1043",TRUE
"1044",TRUE
"1045",TRUE
"1046",TRUE
"1047",TRUE
"1048",TRUE
"1049",TRUE
"1050",TRUE
"1051",TRUE
"1052",TRUE
"1053",FALSE
"1054",TRUE
"1055",TRUE
"1056",TRUE
"1057",TRUE
"1058",TRUE
"1059",TRUE
"1060",TRUE
"1061",TRUE
"1062",TRUE
"1063",TRUE
"1064",TRUE
"1065",TRUE
"1066",TRUE
"1067",TRUE
"1068",TRUE
"1069",TRUE
"1070",TRUE
"1071",TRUE
"1072",TRUE
"1073",TRUE
"1074",TRUE
"1075",TRUE
"1076",TRUE
"1077",FALSE
"1078",TRUE
"1079",TRUE
"1080",TRUE
"1081",FALSE
"1082",TRUE
"1083",TRUE
"1084",TRUE
"1085",TRUE
"1086",TRUE
"1087",FALSE
"1088",TRUE
"1089",TRUE
"1090",TRUE
"1091",TRUE
"1092",TRUE
"1093",TRUE
"1094",TRUE
"1095",TRUE
"1096",TRUE
"1097",TRUE
"1098",TRUE
"1099",TRUE
"1100",TRUE
